{
  "masses": [
    1e24,
    1e24,
    1e24
  ],
  "size": [
    1e6,
    1e6,
    1e6
  ],
  "r0": [
    [97000436.0, -24308753.0, 0.0],
    [-97000436.0, 24308753.0, 0.0],
    [0.0, 0.0, 0.0]
  ],
  "v0": [
    [380.87157673, 353.22718933, 0.0],
    [380.87157673, 353.22718933, 0.0],
    [-761.74315345, -706.45437866, 0.0]
  ],
  "t_total": 1600000.0,
  "dt": 200.0,
  "softening": 0.0,
  "labels": ["Body 1", "Body 2", "Body 3"],
  "dims": [0, 1],
  "interval_ms": 20,
  "trail": 200,
  "no_show": true,
  "save": "figure_eight.gif"
}
