{
  "masses": [
    1e24,
    1e24,
    1e24
  ],
  "size": [
    5e6,
    5e6,
    5e6
  ],
  "r0": [
    [-1.00000000e+08, -5.77350269e+07, 0.0],
    [1.00000000e+08, -5.77350269e+07, 0.0],
    [0.0, 1.15470054e+08, 0.0]
  ],
  "v0": [
    [358.39498237, -620.75831864, 0.0],
    [358.39498237, 620.75831864, 0.0],
    [-716.78996474, 0.0, 0.0]
  ],
  "t_total": 5000000.0,
  "dt": 1000.0,
  "softening": 0.0,
  "labels": ["Body 1", "Body 2", "Body 3"],
  "dims": [0, 1],
  "interval_ms": 30,
  "trail": 1000,
  "no_show": false,
  "autoscale_mode": "all"
}
