{
  "masses": [
    1.98847e30,
    5.9722e24,
    5.6834e26
  ],
  "r0": [
    [0.0, 0.0, 0.0],
    [1.495978707e11, 0.0, 0.0],
    [1.43353e12, 0.0, 0.0]
  ],
  "v0": [
    [0.0, -2.84, 0.0],
    [0.0, 29788.0, 0.0],
    [0.0, 9640.0, 0.0]
  ],
  "t_total": 2.0e9,
  "dt": 216000.0,
  "softening": 1e9,
  "labels": ["Sun", "Earth", "Saturn"],
  "dims": [0, 1],
  "interval_ms": 20,
  "trail": 0
}